Donald,Fuller,donaldf,Ah7Fie0igh,DonaldCFuller@fleckens.hu,US
Daryl,Reed,darylr,Quee1gei,DarylIReed@gustr.com,US
Thalia,Ayotte,thaliaa,bae9Chaebae,ThaliaRAyotte@superrito.com,US
Ashley,Tong,ashleyt,So1eu9hai,AshleyLTong@fleckens.hu,US
Dorothy,Burton,dorothyb,Tooj6udi0,DorothyKBurton@jourrapide.com,US
William,Johnson,williamj,LeeH5didu9Ph,WilliamKJohnson@gustr.com,US
Elizabeth,Harrop,elizabethh,sooWiZ7ae,ElizabethRHarrop@teleworm.us,US
Karen,Frazier,karenf,Ais2Aax1doo,KarenBFrazier@einrot.com,US
Roberta,Root,robertar,aez5auTi,RobertaDRoot@rhyta.com,US
Audrey,Ricketts,audreyr,izie6aeXish,AudreyERicketts@dayrep.com,US
Deborah,Harris,deborahh,Pieyi6ieghee,DeborahWHarris@fleckens.hu,US
Michele,Mosier,michelem,ahzaex0Nok,MicheleJMosier@cuvox.de,US
Connie,Martin,conniem,Phab7yaix,ConnieJMartin@teleworm.us,US
Ricky,Lewis,rickyl,thien5Pee,RickyLLewis@armyspy.com,US
Joshua,Thomas,joshuat,oa8ooHei6Ivo,JoshuaMThomas@dayrep.com,US
Marian,Pratt,marianp,AeliehieD3th,MarianCPratt@cuvox.de,US
John,Martinez,johnm,bei1Meizei,JohnMMartinez@fleckens.hu,US
Mary,Barboza,maryb,auLeiz4paen,MaryBBarboza@jourrapide.com,US
Shana,Rodgers,shanar,wiMei5fiePh,ShanaGRodgers@dayrep.com,US
Esther,Milliken,estherm,Aehaizee5a,EstherRMilliken@gustr.com,US
Patricia,Martin,patriciam,aikah3EiCh,PatriciaDMartin@armyspy.com,US
Ronald,Hall,ronaldh,heiLiejoo7j,RonaldMHall@gustr.com,US
Marlene,South,marlenes,Gai8coo5,MarleneJSouth@cuvox.de,US
Jason,Johnson,jasonj,eat9EeJe2pie,JasonMJohnson@armyspy.com,US
Richard,Bergen,richardb,Eg6eukoJu,RichardTBergen@dayrep.com,US
Elizabeth,Stone,elizabeths,Aex4ohcei,ElizabethJStone@fleckens.hu,US
David,Ray,davidr,iecai6ieQu,DavidKRay@jourrapide.com,US
Lucy,Smith,lucys,boh3Teishoo,LucyRSmith@fleckens.hu,US
Martha,Lackey,marthal,tiu7icooS,MarthaJLackey@dayrep.com,US
Darla,Hackett,darlah,ahm9AhwaeN4ai,DarlaKHackett@gustr.com,US
Jacob,Ball,jacobb,Aith9ieNgee,JacobSBall@einrot.com,US
Maria,Taylor,mariat,Quapuv6guth,MariaJTaylor@superrito.com,US
Elizabeth,Baron,elizabethb,eshieZ6n,ElizabethABaron@gustr.com,US
Andre,North,andren,Oon1Shudain,AndreANorth@cuvox.de,US
Steven,Olivarez,steveno,bohquos3Ae,StevenPOlivarez@einrot.com,US
Jean,Williams,jeanw,du3Gahth7,JeanPWilliams@fleckens.hu,US
Dorothy,Jemison,dorothyj,iunao7Oodoi,DorothyEJemison@gustr.com,US
Imelda,McFarland,imeldam,Iufid9aa3,ImeldaJMcFarland@einrot.com,US
Brian,Layton,brianl,yai0tahCa,BrianTLayton@superrito.com,US
Brian,Newman,briann,iesh0ohChoo,BrianSNewman@dayrep.com,US
Sandra,Heath,sandrah,chohf5Wai,SandraJHeath@rhyta.com,US
John,Stockwell,johns,Ohhai8ah,JohnSStockwell@dayrep.com,US
Genevieve,Dorsey,genevieved,equieh1Y,GenevieveCDorsey@gustr.com,US
Jeanne,Roberts,jeanner,jieh9Eeth,JeanneDRoberts@fleckens.hu,US
Dwayne,Phillips,dwaynep,Oa1Pah9uz,DwayneJPhillips@gustr.com,US
Marsha,Drain,marshad,SiCh6ta8Ius,MarshaMDrain@armyspy.com,US
Michael,Avans,michaela,Aenei6Thoh,MichaelCAvans@gustr.com,US
Ernesto,Rodriguez,ernestor,ungie3uGe0u,ErnestoMRodriguez@gustr.com,US
Edward,Harris,edwardh,AKeew7wi7kei,EdwardEHarris@cuvox.de,US
Kyle,Hicks,kyleh,zoo7Waezoo,KyleEHicks@rhyta.com,US
Nathan,Tran,nathant,zooghio1Rae,NathanMTran@dayrep.com,US
Leon,Barbour,leonb,tuad0oGh7,LeonPBarbour@jourrapide.com,US
Miriam,Kelley,miriamk,Oodig6oudah,MiriamSKelley@cuvox.de,US
Robert,Martinez,robertm,eiSh7ceeph,RobertJMartinez@rhyta.com,US
Dylan,Kelso,dylank,eing2hieS3,DylanLKelso@superrito.com,US
Joseph,Garrett,josephg,yohkoo8Iet,JosephAGarrett@cuvox.de,US
Tara,Roman,tarar,xau9eiR4f,TaraWRoman@cuvox.de,US
Carlos,Dixon,carlosd,Chie4phoh,CarlosJDixon@gustr.com,US
Carl,Rust,carlr,Hae7deish3,CarlNRust@superrito.com,US
Joann,Taylor,joannt,thequ0iC,JoannGTaylor@rhyta.com,US
Marion,Diedrich,mariond,ziYaiza0AhH,MarionBDiedrich@superrito.com,US
Cynthia,Mahan,cynthiam,Ropheenge6,CynthiaAMahan@fleckens.hu,US
Michelle,Varner,michellev,chi5Ohf0,MichelleDVarner@armyspy.com,US
Emma,Depriest,emmad,feih4Thoh2,EmmaEDepriest@gustr.com,US
Sophie,Alvarado,sophiea,eb4se7aZohl,SophieRAlvarado@armyspy.com,US
John,Reyna,johnr,tahk5aGh0,JohnSReyna@rhyta.com,US
Helen,Tyner,helent,Jee5shaesh8,HelenBTyner@fleckens.hu,US
Stephan,Teague,stephant,Sho3ohpoo,StephanETeague@armyspy.com,US
Todd,Stewart,todds,NohJeoph1moo,ToddBStewart@dayrep.com,US
Kevin,McWhorter,kevinm,OhB9rungai,KevinRMcWhorter@rhyta.com,US
Donald,Torgerson,donaldt,nahk9OTo0,DonaldRTorgerson@einrot.com,US
Guillermo,Gonzalez,guillermog,Eo7ejaezi,GuillermoAGonzalez@jourrapide.com,US
Richard,Wheat,richardw,iepo1eiRu7ee,RichardHWheat@rhyta.com,US
Barbara,Carpenter,barbarac,Fei5Jooshae,BarbaraPCarpenter@teleworm.us,US
Clara,Johnson,claraj,ie0ahBeeya,ClaraJJohnson@fleckens.hu,US
Madge,Manley,madgem,kial9eeYah,MadgeJManley@gustr.com,US
Lucy,Cook,lucyc,fei6Ijue,LucyPCook@teleworm.us,US
Alexander,Lewis,alexanderl,ivi9Tiezah8qu,AlexanderRLewis@fleckens.hu,US
Lamont,Bricker,lamontb,Iewoh3Eiyei,LamontSBricker@cuvox.de,US
Robert,Garrett,robertg,moh9Iivais,RobertNGarrett@cuvox.de,US
Glenda,Rushing,glendar,Iu2eequ2XuZ,GlendaHRushing@fleckens.hu,US
Eduardo,Rees,eduardor,UojiuY5xi,EduardoLRees@cuvox.de,US
Norma,Johnson,normaj,eeset0ahT,NormaGJohnson@jourrapide.com,US
Jessica,Taylor,jessicat,keiK2ii6Ah,JessicaRTaylor@dayrep.com,US
Sylvia,Patino,sylviap,AhWai9nu1ei,SylviaEPatino@cuvox.de,US
Karen,Gates,kareng,dieQu6oigh4,KarenEGates@gustr.com,US
Lenore,Cooper,lenorec,bae2Nee8too,LenoreDCooper@fleckens.hu,US
Jose,Ebeling,josee,eghahLaeH2ah,JoseBEbeling@armyspy.com,US
Richard,Barbosa,richardb,tha5Aishai,RichardCBarbosa@rhyta.com,US
Christopher,Hopkins,christopherh,Keeth6Em,ChristopherMHopkins@einrot.com,US
Caleb,Marino,calebm,tieG3ruNoh,CalebAMarino@superrito.com,US
Catherine,Solomon,catherines,iew3ahr4EiTh,CatherineRSolomon@cuvox.de,US
Alice,Ozuna,aliceo,Aecohn4iequ2,AliceMOzuna@fleckens.hu,US
Alfred,Diaz,alfredd,eoYeubee5ae,AlfredMDiaz@einrot.com,US
Helen,Cope,helenc,oeLi9xoo8Ph,HelenRCope@armyspy.com,US
Mike,Poff,mikep,iekuawohC0ah,MikeMPoff@jourrapide.com,US
Kenneth,Garcia,kennethg,Choh9you,KennethEGarcia@gustr.com,US
Marcelle,Davis,marcelled,Ieveech3riv,MarcelleRDavis@fleckens.hu,US
Jessica,Middleton,jessicam,SohD7aeB0Oh,JessicaJMiddleton@teleworm.us,US
Mark,Peterson,markp,ieghi7IeN8,MarkOPeterson@armyspy.com,US
Efrain,Lee,efrainl,nae8UNgohGh,EfrainBLee@dayrep.com,US
Cynthia,Wingfield,cynthiaw,Etal5oom,CynthiaMWingfield@einrot.com,US
Gladys,Garrett,gladysg,yahkee8EeQu,GladysRGarrett@jourrapide.com,US
Beverley,Ballard,beverleyb,ahph5lieCh,BeverleyRBallard@cuvox.de,US
Esther,Roberts,estherr,Eeg5houtuf,EstherHRoberts@gustr.com,US
Garth,Hathaway,garthh,uep1Dahho,GarthEHathaway@cuvox.de,US
Brenda,Hall,brendah,ohDiez2b,BrendaRHall@gustr.com,US
Maria,Tulley,mariat,xeiVa5Ah,MariaJTulley@gustr.com,US
Sheila,Hawkins,sheilah,uuGaimav5T,SheilaKHawkins@gustr.com,US
Vena,Troncoso,venat,Ceupha4kee,VenaATroncoso@superrito.com,US
Mathew,Cabello,mathewc,ohzaid1Th,MathewGCabello@cuvox.de,US
Clifford,Wu,cliffordw,Bie7zaiwoo,CliffordMWu@teleworm.us,US
Nicole,Moritz,nicolem,shie4ahThoo,NicoleTMoritz@superrito.com,US
Cara,Lubin,caral,ohNee2oo,CaraJLubin@armyspy.com,US
Silvia,Grantham,silviag,Sais2Aiwie,SilviaJGrantham@armyspy.com,US
Benjamin,Isaac,benjamini,Hieb4aingoi,BenjaminLIsaac@armyspy.com,US
Frank,Weaver,frankw,aiHou4oovoo,FrankKWeaver@rhyta.com,US
Maria,Babb,mariab,IeYalaen9,MariaJBabb@einrot.com,US
Ella,Taylor,ellat,quai5Hahm2s,EllaGTaylor@gustr.com,US
Jacob,Vital,jacobv,Oorei8gurie9,JacobTVital@jourrapide.com,US
Edna,Frazier,ednaf,aequ6Hievo7,EdnaJFrazier@cuvox.de,US
Jerry,Treece,jerryt,Mie2Lohj5ai,JerryCTreece@einrot.com,US
Johnny,Gokey,johnnyg,uChon9ahse,JohnnyLGokey@einrot.com,US
Janette,Erikson,janettee,KiR7ooc3hai,JanetteEErikson@fleckens.hu,US
Robin,Randall,robinr,KeicaiG8xu8,RobinCRandall@dayrep.com,US
Wanda,Westerlund,wandaw,eexaenga0Goo,WandaMWesterlund@superrito.com,US
Chris,Gross,chrisg,Jee3aeb7t,ChrisDGross@cuvox.de,US
Simona,Levin,simonal,awas0Ushaeh,SimonaFLevin@cuvox.de,US
Kristina,Slaughter,kristinas,eedaeGh5,KristinaJSlaughter@jourrapide.com,US
Mike,Stjean,mikes,eideuYe0j,MikeEStjean@cuvox.de,US
David,Wrobel,davidw,ohr5Ait6joo,DavidMWrobel@cuvox.de,US
Alvin,Lewis,alvinl,Thaif6hah9m,AlvinKLewis@cuvox.de,US
David,Topps,davidt,einuW2al6ahm,DavidFTopps@dayrep.com,US
Preston,Curtiss,prestonc,aZe2iegiuM,PrestonVCurtiss@dayrep.com,US
Courtney,Marks,courtneym,HahyeiPh2ku,CourtneyRMarks@superrito.com,US
John,Rinaldi,johnr,VaiX2oochai,JohnTRinaldi@rhyta.com,US
Ruby,Foster,rubyf,rahk7oa5eiP,RubyJFoster@einrot.com,US
Heidi,Plumlee,heidip,eiNgei3e,HeidiJPlumlee@teleworm.us,US
Lillie,Matthews,lilliem,oowum0eGae,LillieMMatthews@einrot.com,US
Corey,Suter,coreys,Ahzug4ioRie,CoreyVSuter@superrito.com,US
Hazel,Langlois,hazell,Gai7aM5th,HazelSLanglois@teleworm.us,US
John,Vincent,johnv,nizuo2Ba3exo9,JohnJVincent@fleckens.hu,US
Vivian,Keith,viviank,aejiez9Daey,VivianCKeith@gustr.com,US
Mildred,Davenport,mildredd,Ie1Aeyai6ei,MildredJDavenport@fleckens.hu,US
Everett,Pagan,everettp,eij6eif7Ohqu,EverettEPagan@superrito.com,US
William,Perez,williamp,Ce2tai7IPh,WilliamSPerez@jourrapide.com,US
Cruz,Stewart,cruzs,Aix2aigh1To,CruzCStewart@rhyta.com,US
Jeremy,Fulk,jeremyf,voo8zioch7Oo,JeremyAFulk@teleworm.us,US
Dona,Brasher,donab,Igh6jaith,DonaJBrasher@rhyta.com,US
Kimberly,Howard,kimberlyh,och0AhM4,KimberlySHoward@gustr.com,US
Sharon,Ta,sharont,ua4AiKae1ei,SharonETa@jourrapide.com,US
Margaret,Bowling,margaretb,Ixoh5aith,MargaretMBowling@rhyta.com,US
Susan,Perry,susanp,dore6Ohz,SusanJPerry@fleckens.hu,US
Pearlie,Hutchens,pearlieh,eeghei0Zoo,PearlieNHutchens@dayrep.com,US
Christopher,Byers,christopherb,uH4uzaix7,ChristopherJByers@rhyta.com,US
Melissa,Livingston,melissal,wooGhaeR9Lai,MelissaELivingston@gustr.com,US
Mildred,Santini,mildreds,viepahx9Vok,MildredBSantini@gustr.com,US
Oscar,Beavers,oscarb,cacai2uY,OscarABeavers@dayrep.com,US
Robin,Palma,robinp,oot4ahpoToh,RobinDPalma@rhyta.com,US
Larry,Green,larryg,ahth6Dahb,LarryJGreen@fleckens.hu,US
Shari,McLaughlin,sharim,iVohbae1n,ShariTMcLaughlin@cuvox.de,US
Regina,Estes,reginae,oNgio6Oh,ReginaREstes@cuvox.de,US
Joseph,King,josephk,Iexoht6y,JosephJKing@rhyta.com,US
Alexander,Dye,alexanderd,thahd6ahGee,AlexanderKDye@armyspy.com,US
Diane,Baker,dianeb,see5ThiChee5,DianeWBaker@superrito.com,US
Mary,Lee,maryl,fien6Doh,MaryRLee@gustr.com,US
Timothy,Coyle,timothyc,Hee9iaGoo1s,TimothyHCoyle@cuvox.de,US
Cindy,Layman,cindyl,aeSh3iph9,CindyCLayman@cuvox.de,US
Allen,Romero,allenr,fo6Te1eing,AllenTRomero@dayrep.com,US
Marion,Fredericksen,marionf,Noocoo7eci2,MarionLFredericksen@dayrep.com,US
Robert,Dubuque,robertd,jea6xah0eeM,RobertADubuque@einrot.com,US
Deja,Bible,dejab,ceek2Ooduv,DejaJBible@cuvox.de,US
Della,Johnson,dellaj,gei3aichuFu,DellaTJohnson@einrot.com,US
Stanley,Waldroup,stanleyw,oo6eephae4T,StanleyJWaldroup@superrito.com,US
Jacqueline,Coronel,jacquelinec,Sho1dieyei,JacquelineDCoronel@armyspy.com,US
Jean,Pennington,jeanp,Thoe4ec9vie,JeanWPennington@einrot.com,US
Nancy,Tyner,nancyt,Weevei9ee,NancyMTyner@gustr.com,US
Betty,Brackman,bettyb,Uifah0kiec2,BettyJBrackman@superrito.com,US
Robert,Kerr,robertk,Yaezie3vai,RobertFKerr@gustr.com,US
Krystal,Calderon,krystalc,thu7queeM5j,KrystalLCalderon@teleworm.us,US
Tiffany,Farina,tiffanyf,Ou3iNgesh,TiffanyJFarina@cuvox.de,US
Joseph,Merriman,josephm,gooDooth1hee,JosephAMerriman@jourrapide.com,US
Mildred,Griffith,mildredg,Moh1kae7,MildredRGriffith@teleworm.us,US
Winifred,Robinson,winifredr,eitii2wu2P,WinifredRRobinson@cuvox.de,US
Donna,Sides,donnas,woo4VeoM5xoh,DonnaDSides@gustr.com,US
Ronald,Florez,ronaldf,OoShei4ue9,RonaldCFlorez@rhyta.com,US
Barbara,Lewis,barbaral,cha8Huw7oc9,BarbaraJLewis@fleckens.hu,US
Donald,Hammond,donaldh,aVeiChochaj7,DonaldPHammond@gustr.com,US
Simon,Socha,simons,Da4aimoe,SimonVSocha@gustr.com,US
George,Torres,georget,huc7Keet1,GeorgeRTorres@gustr.com,US
Steven,Martinez,stevenm,Shie4yoa7ee,StevenBMartinez@fleckens.hu,US
Minnie,Alexander,minniea,Ooja0eesh,MinnieGAlexander@armyspy.com,US
Cheryl,Peterson,cherylp,ahDachaigh1ch,CherylSPeterson@gustr.com,US
Bev,Taylor,bevt,fei0oot3O,BevHTaylor@einrot.com,US
William,Davis,williamd,chaofoo0Aiw,WilliamKDavis@jourrapide.com,US
Albert,Earnest,alberte,Shei8geit3,AlbertGEarnest@cuvox.de,US
Brenda,Rodriguez,brendar,oin1iexoG,BrendaTRodriguez@rhyta.com,US
Glenn,Parker,glennp,ea9oos2Ae,GlennCParker@fleckens.hu,US
Joan,Greenlee,joang,xatohxoK1Au,JoanWGreenlee@armyspy.com,US
Richard,Bridges,richardb,Uac2ungeo,RichardCBridges@gustr.com,US
